{"cameraMode":{"drawMode":0,"name":"Shaded","section":"Shading Mode"},"sceneLighting":true,"audioPlay":false,"sceneViewState":{"m_AlwaysRefresh":false,"showFog":true,"showSkybox":true,"showFlares":true,"showImageEffects":true,"showParticleSystems":true,"showVisualEffectGraphs":true,"m_FxEnabled":true},"in2DMode":false,"pivot":{"x":123.41458129882813,"y":54.93442153930664,"z":47.453643798828128},"rotation":{"x":-0.00919139850884676,"y":-0.8496204018592835,"z":0.01477552019059658,"w":-0.5271171927452087},"size":2.6975042819976808,"orthographic":false}